Product,Price,Link
,,
"SAMSUNG Galaxy F22 (Denim Blue, 128 GB)","₹14,999",/samsung-galaxy-f22-denim-blue-128-gb/p/itm30c755943bea0?pid=MOBG43UGRSMJXTMH&lid=LSTMOBG43UGRSMJXTMH3SYSZ3&marketplace=FLIPKART&q=samsung+mobiles&store=tyy%2F4io&otracker=search&fm=organic&iid=f83aa6ea-4241-4cb3-ae0d-f69da9b17112.MOBG43UGRSMJXTMH.SEARCH&ppt=None&ppn=None&ssid=85805qmi4w0000001638025400552&qH=0258c7d48242959a
,,
"SAMSUNG Galaxy F22 (Denim Blue, 128 GB)","₹14,999",/samsung-galaxy-f22-denim-blue-128-gb/p/itm30c755943bea0?pid=MOBG43UGRSMJXTMH&lid=LSTMOBG43UGRSMJXTMH3SYSZ3&marketplace=FLIPKART&q=samsung+mobiles&store=tyy%2F4io&srno=s_1_1&otracker=search&fm=organic&iid=f1fe1169-8173-44ee-876e-9c7a5e524f86.MOBG43UGRSMJXTMH.SEARCH&ppt=None&ppn=None&ssid=xjpmxvkqj40000001638025401608&qH=0258c7d48242959a
,,
"SAMSUNG Galaxy M11 (Metallic Blue, 64 GB)","₹11,749",/samsung-galaxy-m11-metallic-blue-64-gb/p/itm1a7c4dfe52d9c?pid=MOBFRZZHZGSRRWUZ&lid=LSTMOBFRZZHZGSRRWUZKTVEHF&marketplace=FLIPKART&q=samsung+mobiles&store=tyy%2F4io&srno=s_2_25&otracker=search&fm=organic&iid=1635ff09-a0d2-415e-bbb2-89c5ac271fa1.MOBFRZZHZGSRRWUZ.SEARCH&ppt=None&ppn=None&ssid=b00a8d9n4g0000001638025402558&qH=0258c7d48242959a
,,
"SAMSUNG Galaxy A12 (Blue, 128 GB)","₹15,499",/samsung-galaxy-a12-blue-128-gb/p/itm55c50aa54e313?pid=MOBG5D9XSW82BZBG&lid=LSTMOBG5D9XSW82BZBGCB0CXS&marketplace=FLIPKART&q=samsung+mobiles&store=tyy%2F4io&srno=s_3_49&otracker=search&fm=organic&iid=841211c8-2ce2-4c1b-953e-19dbf75835ed.MOBG5D9XSW82BZBG.SEARCH&ppt=None&ppn=None&ssid=pmw14c2nnk0000001638025404001&qH=0258c7d48242959a
,,
"SAMSUNG Galaxy A72 (Awesome Black, 128 GB)","₹34,999",/samsung-galaxy-a72-awesome-black-128-gb/p/itme6d14bf36c7af?pid=MOBGF8GPFCD25ZU5&lid=LSTMOBGF8GPFCD25ZU5JZAVTA&marketplace=FLIPKART&q=samsung+mobiles&store=tyy%2F4io&srno=s_4_73&otracker=search&fm=organic&iid=44a7f5e5-0114-49f5-a649-108ae67a888b.MOBGF8GPFCD25ZU5.SEARCH&ppt=None&ppn=None&ssid=92v6jzbk680000001638025405882&qH=0258c7d48242959a
,,
SAMSUNG Guru 1200,"₹1,200",/samsung-guru-1200/p/itme6gz6jczu5ygz?pid=MOBDADKKAEHYYA3G&lid=LSTMOBDADKKAEHYYA3GKJS0FZ&marketplace=FLIPKART&q=samsung+mobiles&store=tyy%2F4io&srno=s_5_97&otracker=search&fm=organic&iid=3da4fe55-0a9a-49f1-a25e-76a962d7ae04.MOBDADKKAEHYYA3G.SEARCH&ppt=None&ppn=None&ssid=6x8idvk9e80000001638025407022&qH=0258c7d48242959a
,,
"SAMSUNG M31s (Mirage Blue, 128 GB)","₹24,999",/samsung-m31s-mirage-blue-128-gb/p/itm3c444f9c5c566?pid=MOBFUZYBUZWNKB6G&lid=LSTMOBFUZYBUZWNKB6GR5CFZT&marketplace=FLIPKART&q=samsung+mobiles&store=tyy%2F4io&srno=s_6_121&otracker=search&fm=organic&iid=eb53d9b0-2e62-49cc-95a4-bf351cc99fe1.MOBFUZYBUZWNKB6G.SEARCH&ppt=None&ppn=None&ssid=swcoqv56sw0000001638025408015&qH=0258c7d48242959a
,,
"SAMSUNG Galaxy A20 (Gold, 32 GB)","₹12,900",/samsung-galaxy-a20-gold-32-gb/p/itmfhhqg5mxczxc9?pid=MOBFHCRGDFASPZRA&lid=LSTMOBFHCRGDFASPZRAQZAGZL&marketplace=FLIPKART&q=samsung+mobiles&store=tyy%2F4io&srno=s_7_145&otracker=search&fm=organic&iid=f6883071-bacd-4b2e-ba8d-91dba39890f1.MOBFHCRGDFASPZRA.SEARCH&ppt=None&ppn=None&ssid=pc92te5wqo0000001638025420775&qH=0258c7d48242959a
,,
"SAMSUNG Galaxy J7 Duo (Gold, 32 GB)","₹17,889",/samsung-galaxy-j7-duo-gold-32-gb/p/itmf47drzyrf4mrr?pid=MOBF47DRCVEP9HMF&lid=LSTMOBF47DRCVEP9HMFRUQ3KS&marketplace=FLIPKART&q=samsung+mobiles&store=tyy%2F4io&srno=s_8_169&otracker=search&fm=organic&iid=e48a6152-61f1-4564-86a8-7b0bb441188a.MOBF47DRCVEP9HMF.SEARCH&ppt=None&ppn=None&ssid=6nl8bcaids0000001638025422344&qH=0258c7d48242959a
,,
"SAMSUNG Galaxy J2 2018 (Gold, 16 GB)","₹7,500",/samsung-galaxy-j2-2018-gold-16-gb/p/itmf5yh2sbgf3h8n?pid=MOBF47DRKFBAYVFX&lid=LSTMOBF47DRKFBAYVFXNQ8WIM&marketplace=FLIPKART&q=samsung+mobiles&store=tyy%2F4io&srno=s_9_193&otracker=search&fm=organic&iid=6045a363-9724-4679-9324-331e382f6d80.MOBF47DRKFBAYVFX.SEARCH&ppt=None&ppn=None&ssid=968lbasv2o0000001638025423367&qH=0258c7d48242959a
,,
"SAMSUNG Galaxy J8 (Black, 64 GB)","₹19,500",/samsung-galaxy-j8-black-64-gb/p/itmf6gzusrgpzcf4?pid=MOBF6GZTM8BDQZGG&lid=LSTMOBF6GZTM8BDQZGGNXTYRR&marketplace=FLIPKART&q=samsung+mobiles&store=tyy%2F4io&srno=s_10_217&otracker=search&fm=organic&iid=c3890c9a-62df-4a69-b908-c2d382e577a0.MOBF6GZTM8BDQZGG.SEARCH&ppt=None&ppn=None&ssid=i9vdb0e3zk0000001638025424339&qH=0258c7d48242959a
,,
"SAMSUNG S20 FE 5G (Cloud Mint, 128 GB)","₹39,999",/samsung-s20-fe-5g-cloud-mint-128-gb/p/itm45d522d270f0d?pid=MOBG8X8PTHRRHSKG&lid=LSTMOBG8X8PTHRRHSKGPVDQOQ&marketplace=FLIPKART&q=samsung+mobiles&store=tyy%2F4io&srno=s_11_241&otracker=search&fm=organic&iid=48a7ca9b-1076-42b0-bdc2-b5c337ce4389.MOBG8X8PTHRRHSKG.SEARCH&ppt=None&ppn=None&ssid=grfkkqbhdc0000001638025425608&qH=0258c7d48242959a
,,
"SAMSUNG Galaxy F62 (Laser Green, 128 GB)","₹25,999",/samsung-galaxy-f62-laser-green-128-gb/p/itm48722edba16c9?pid=MOBFZWSUZZ2Y7YYG&lid=LSTMOBFZWSUZZ2Y7YYGX2NE2S&marketplace=FLIPKART&q=samsung+mobiles&store=tyy%2F4io&srno=s_12_265&otracker=search&fm=organic&iid=319cc07e-b923-44ce-bcd2-ea35fd1eb54a.MOBFZWSUZZ2Y7YYG.SEARCH&ppt=None&ppn=None&ssid=ndw9w9uftc0000001638025426676&qH=0258c7d48242959a
,,
"SAMSUNG Galaxy J7 Prime 2 (Black, 32 GB)","₹14,990",/samsung-galaxy-j7-prime-2-black-32-gb/p/itmf3znj4njszabv?pid=MOBF3HVDWPGCHXZB&lid=LSTMOBF3HVDWPGCHXZBEZIQ94&marketplace=FLIPKART&q=samsung+mobiles&store=tyy%2F4io&srno=s_13_289&otracker=search&fm=organic&iid=d07721d6-b6f9-4517-83a6-52b02ab81918.MOBF3HVDWPGCHXZB.SEARCH&ppt=None&ppn=None&ssid=jnvundbueo0000001638025427878&qH=0258c7d48242959a
,,
"SAMSUNG Galaxy Star 2 (White, 4 GB)","₹4,890",/samsung-galaxy-star-2-white-4-gb/p/itmdzrdvwqzyyvzn?pid=MOBDZRDTKGJXRGZH&lid=LSTMOBDZRDTKGJXRGZHSTMEJZ&marketplace=FLIPKART&q=samsung+mobiles&store=tyy%2F4io&srno=s_14_313&otracker=search&fm=organic&iid=a6c67d60-a6d7-4217-9af2-424fca47966e.MOBDZRDTKGJXRGZH.SEARCH&ppt=None&ppn=None&ssid=e9bra51ci80000001638025428953&qH=0258c7d48242959a
,,
"SAMSUNG Galaxy A9 Pro (White, 32 GB)","₹26,900",/samsung-galaxy-a9-pro-white-32-gb/p/itmemzhf6dyghsgj?pid=MOBEMZGZDGGVJEUE&lid=LSTMOBEMZGZDGGVJEUEGC1KDW&marketplace=FLIPKART&q=samsung+mobiles&store=tyy%2F4io&srno=s_15_337&otracker=search&fm=organic&iid=48265914-9994-430a-bcae-6c885529e320.MOBEMZGZDGGVJEUE.SEARCH&ppt=None&ppn=None&ssid=ran70n2ds00000001638025430081&qH=0258c7d48242959a
,,
"SAMSUNG Galaxy M01 (Red, 32 GB)","₹8,999",/samsung-galaxy-m01-red-32-gb/p/itma9bd73ea34a0a?pid=MOBFRZZHYYH7KBGZ&lid=LSTMOBFRZZHYYH7KBGZT5I9S2&marketplace=FLIPKART&q=samsung+mobiles&store=tyy%2F4io&srno=s_16_361&otracker=search&fm=organic&iid=565b6ea4-5dcb-4b5a-87b6-9279b81f60d4.MOBFRZZHYYH7KBGZ.SEARCH&ppt=None&ppn=None&ssid=9o3dw3swn40000001638025431482&qH=0258c7d48242959a
,,
"SAMSUNG Tizen Z3 (Gold, 8 GB)","₹6,990",/samsung-tizen-z3-gold-8-gb/p/itmeckhzmuen56kz?pid=MOBECKHZV7PA6GDX&lid=LSTMOBECKHZV7PA6GDXV998GQ&marketplace=FLIPKART&q=samsung+mobiles&store=tyy%2F4io&srno=s_17_385&otracker=search&fm=organic&iid=55058372-7167-4b44-adca-aa99a835a71d.MOBECKHZV7PA6GDX.SEARCH&ppt=None&ppn=None&ssid=fb198ams0g0000001638025432502&qH=0258c7d48242959a
,,
"SAMSUNG Galaxy S21 (Phantom Violet, 128 GB)","₹59,999",/samsung-galaxy-s21-phantom-violet-128-gb/p/itm916d671b27b8d?pid=MOBFZ3TM5FT52G79&lid=LSTMOBFZ3TM5FT52G79RTBHT2&marketplace=FLIPKART&q=samsung+mobiles&store=tyy%2F4io&srno=s_18_409&otracker=search&fm=organic&iid=c9bb6bb4-1e96-4b23-828b-14bf54d007c1.MOBFZ3TM5FT52G79.SEARCH&ppt=None&ppn=None&ssid=lirwzwq6hc0000001638025434414&qH=0258c7d48242959a
,,
"SAMSUNG Galaxy A5 (Midnight Black, 16 GB)","₹17,990",/samsung-galaxy-a5-midnight-black-16-gb/p/itme3xz9zubc9hjg?pid=MOBE3XZ7ZBZ9ADRR&lid=LSTMOBE3XZ7ZBZ9ADRRYWRZL8&marketplace=FLIPKART&q=samsung+mobiles&store=tyy%2F4io&srno=s_19_433&otracker=search&fm=organic&iid=ff8ee7bc-4d74-44f1-9114-02479029167c.MOBE3XZ7ZBZ9ADRR.SEARCH&ppt=None&ppn=None&ssid=bd6htnkzeo0000001638025436472&qH=0258c7d48242959a
,,
"SAMSUNG Galaxy S9 Plus (Lilac Purple, 128 GB)","₹68,900",/samsung-galaxy-s9-plus-lilac-purple-128-gb/p/itmf3qq3tgwv2bez?pid=MOBF3QNQU6V5SKRW&lid=LSTMOBF3QNQU6V5SKRWDEIFO6&marketplace=FLIPKART&q=samsung+mobiles&store=tyy%2F4io&srno=s_20_457&otracker=search&fm=organic&iid=36dfa130-cfbd-402a-a08f-d6a546cff646.MOBF3QNQU6V5SKRW.SEARCH&ppt=None&ppn=None&ssid=9n1pgdg7yo0000001638025438487&qH=0258c7d48242959a
,,
"SAMSUNG Galaxy S21 Ultra (Phantom Black, 512 GB)","₹1,16,999",/samsung-galaxy-s21-ultra-phantom-black-512-gb/p/itm74793d2bde182?pid=MOBFZ3TMCEHYWGNG&lid=LSTMOBFZ3TMCEHYWGNGSPHZOP&marketplace=FLIPKART&q=samsung+mobiles&store=tyy%2F4io&srno=s_21_481&otracker=search&fm=organic&iid=7e90f0fe-b59b-44a3-9410-407331a057c0.MOBFZ3TMCEHYWGNG.SEARCH&ppt=None&ppn=None&ssid=a4k729p4ts0000001638025439787&qH=0258c7d48242959a
,,
SAMSUNG SM-B310EZDDINS,"₹1,949",/samsung-sm-b310ezddins/p/itm1085fbe90ba3b?pid=MOBFXZXGCNBAKUSA&lid=LSTMOBFXZXGCNBAKUSASHBGZY&marketplace=FLIPKART&q=samsung+mobiles&store=tyy%2F4io&srno=s_22_505&otracker=search&fm=organic&iid=9b0f8d26-4bdf-41f1-9c7d-46409f8b16d3.MOBFXZXGCNBAKUSA.SEARCH&ppt=None&ppn=None&ssid=ogb49poqj40000001638025441084&qH=0258c7d48242959a
,,
"SAMSUNG Galaxy S21 Plus (Phantom Violet, 256 GB)","₹75,999",/samsung-galaxy-s21-plus-phantom-violet-256-gb/p/itm56665cfc0924f?pid=MOBFZ3TM9RVNZACT&lid=LSTMOBFZ3TM9RVNZACTO0G0NE&marketplace=FLIPKART&q=samsung+mobiles&store=tyy%2F4io&srno=s_23_529&otracker=search&fm=organic&iid=1c770bda-b6c9-412b-99fb-1f6c752f0f6e.MOBFZ3TM9RVNZACT.SEARCH&ppt=None&ppn=None&ssid=yi3ium9ub40000001638025442565&qH=0258c7d48242959a
,,
"SAMSUNG Galaxy A31 (Prism Crush White, 128 GB)","₹19,899",/samsung-galaxy-a31-prism-crush-white-128-gb/p/itma110137399bdc?pid=MOBFRZZHFMBJC4A6&lid=LSTMOBFRZZHFMBJC4A6IAPK6E&marketplace=FLIPKART&q=samsung+mobiles&store=tyy%2F4io&srno=s_24_553&otracker=search&fm=organic&iid=29ca8aa9-36cc-4d12-a2e7-7d03388c0fd3.MOBFRZZHFMBJC4A6.SEARCH&ppt=None&ppn=None&ssid=6tepzme46o0000001638025444159&qH=0258c7d48242959a
,,
"SAMSUNG Galaxy M30s (Black, 64 GB)","₹14,069",/samsung-galaxy-m30s-black-64-gb/p/itm918b2523e0fb7?pid=MOBFKZ8NRZ6XZGFE&lid=LSTMOBFKZ8NRZ6XZGFEYKICJO&marketplace=FLIPKART&q=samsung+mobiles&store=tyy%2F4io&srno=s_25_577&otracker=search&fm=organic&iid=d0c03fb5-f41d-4c9b-a48d-da86e6f1e7d9.MOBFKZ8NRZ6XZGFE.SEARCH&ppt=None&ppn=None&ssid=eg2wqbyosg0000001638025445510&qH=0258c7d48242959a
,,
"SAMSUNG Galaxy J1 (White, 4 GB)","₹6,190",/samsung-galaxy-j1-white-4-gb/p/itmeuyd49sh5npys?pid=MOBE56HEMBMHGY6H&lid=LSTMOBE56HEMBMHGY6H4S3LUB&marketplace=FLIPKART&q=samsung+mobiles&store=tyy%2F4io&srno=s_26_601&otracker=search&fm=organic&iid=ad7a3921-11a7-4f67-bfc4-29a66aef6820.MOBE56HEMBMHGY6H.SEARCH&ppt=None&ppn=None&ssid=chej61sfxs0000001638025446796&qH=0258c7d48242959a
,,
"SAMSUNG Galaxy A7 (Pearl White, 16 GB)","₹19,990",/samsung-galaxy-a7-pearl-white-16-gb/p/itme9ygcfhxkrxnn?pid=MOBE4U8NHABCD37V&lid=LSTMOBE4U8NHABCD37VX4O3W9&marketplace=FLIPKART&q=samsung+mobiles&store=tyy%2F4io&srno=s_27_625&otracker=search&fm=organic&iid=e1ad0898-f57d-47d5-a05f-544447205fe4.MOBE4U8NHABCD37V.SEARCH&ppt=None&ppn=None&ssid=xz2y5l3ps00000001638025447923&qH=0258c7d48242959a
,,
"SAMSUNG Galaxy A6 (Gold, 64 GB)","₹17,999",/samsung-galaxy-a6-gold-64-gb/p/itmf7f65k4kysmdh?pid=MOBF7F65G8YHXQQZ&lid=LSTMOBF7F65G8YHXQQZ0WBDHJ&marketplace=FLIPKART&q=samsung+mobiles&store=tyy%2F4io&srno=s_28_649&otracker=search&fm=organic&iid=d99960e5-0abc-44d9-a090-5ed5428bb66f.MOBF7F65G8YHXQQZ.SEARCH&ppt=None&ppn=None&ssid=ll1hbhse400000001638025448924&qH=0258c7d48242959a
,,
"SAMSUNG Grand Prime (White, 8 GB)","₹7,992",/samsung-grand-prime-white-8-gb/p/itmeyfhgfzkzwghu?pid=MOBEYAW2YQANCQKA&lid=LSTMOBEYAW2YQANCQKAAKG879&marketplace=FLIPKART&q=samsung+mobiles&store=tyy%2F4io&srno=s_29_673&otracker=search&fm=organic&iid=665065f6-2bf4-4419-84b3-8f4ed12ba74c.MOBEYAW2YQANCQKA.SEARCH&ppt=None&ppn=None&ssid=bi0azvg1g00000001638025450054&qH=0258c7d48242959a
